Longitudal Position,Offset,Height,Side
-114,0,17.4,Inner
-114,0.7,17.4,Outer
-114,0.68,16.92,Outer
-114,0.67,16.43,Outer
-114,0.65,15.95,Outer
-114,0.63,15.47,Outer
-114,0.61,14.98,Outer
-114,0.59,14.5,Outer
-114,0.58,14.02,Outer
-114,0.56,13.53,Outer
-114,0.54,13.05,Outer
-114,0.52,12.57,Outer
-114,0.5,12.08,Outer
-114,0.48,11.6,Outer
-114,0.46,11.12,Outer
-114,0.43,10.63,Outer
-114,0.4,10.15,Outer
-114,0.36,9.67,Outer
-114,0.3,9.18,Outer
-114,0.21,8.7,Outer
-114,0.11,8.22,Outer
-114,0.01,7.73,Outer
-114,0,7.71,Outer
-108,0,17.4,Inner
-108,1.86,17.4,Outer
-108,1.83,16.92,Outer
-108,1.79,16.43,Outer
-108,1.75,15.95,Outer
-108,1.72,15.47,Outer
-108,1.68,14.98,Outer
-108,1.65,14.5,Outer
-108,1.61,14.02,Outer
-108,1.57,13.53,Outer
-108,1.53,13.05,Outer
-108,1.49,12.57,Outer
-108,1.44,12.08,Outer
-108,1.39,11.6,Outer
-108,1.34,11.12,Outer
-108,1.27,10.63,Outer
-108,1.26,10.56,Outer
-108,1.2,10.15,Outer
-108,1.12,9.67,Outer
-108,1.03,9.18,Outer
-108,0.92,8.7,Outer
-108,0.78,8.22,Outer
-108,0.64,7.73,Outer
-108,0.48,7.25,Outer
-108,0.31,6.77,Outer
-108,0.15,6.28,Outer
-108,0,5.85,Outer
-102,0,17.4,Inner
-102,3,17.4,Outer
-102,2.96,16.92,Outer
-102,2.91,16.43,Outer
-102,2.87,15.95,Outer
-102,2.83,15.47,Outer
-102,2.78,14.98,Outer
-102,2.74,14.5,Outer
-102,2.69,14.02,Outer
-102,2.64,13.53,Outer
-102,2.59,13.05,Outer
-102,2.54,12.57,Outer
-102,2.48,12.08,Outer
-102,2.42,11.6,Outer
-102,2.35,11.12,Outer
-102,2.26,10.63,Outer
-102,2.25,10.56,Outer
-102,2.16,10.15,Outer
-102,2.05,9.67,Outer
-102,1.92,9.18,Outer
-102,1.77,8.7,Outer
-102,1.6,8.22,Outer
-102,1.41,7.73,Outer
-102,1.21,7.25,Outer
-102,0.99,6.77,Outer
-102,0.76,6.28,Outer
-102,0.53,5.8,Outer
-102,0.29,5.32,Outer
-102,0.04,4.83,Outer
-102,0,4.76,Outer
-96,0,17.4,Inner
-96,4.11,17.4,Outer
-96,4.06,16.92,Outer
-96,4.02,16.43,Outer
-96,3.98,15.95,Outer
-96,3.93,15.47,Outer
-96,3.88,14.98,Outer
-96,3.84,14.5,Outer
-96,3.79,14.02,Outer
-96,3.74,13.53,Outer
-96,3.69,13.05,Outer
-96,3.63,12.57,Outer
-96,3.57,12.08,Outer
-96,3.51,11.6,Outer
-96,3.44,11.12,Outer
-96,3.36,10.63,Outer
-96,3.35,10.56,Outer
-96,3.26,10.15,Outer
-96,3.14,9.67,Outer
-96,3,9.18,Outer
-96,2.83,8.7,Outer
-96,2.64,8.22,Outer
-96,2.41,7.73,Outer
-96,2.16,7.25,Outer
-96,1.88,6.77,Outer
-96,1.58,6.28,Outer
-96,1.27,5.8,Outer
-96,0.95,5.32,Outer
-96,0.62,4.83,Outer
-96,0.28,4.35,Outer
-96,0,3.96,Outer
-90,0,17.4,Inner
-90,5.19,17.4,Outer
-90,5.15,16.92,Outer
-90,5.11,16.43,Outer
-90,5.06,15.95,Outer
-90,5.02,15.47,Outer
-90,4.98,14.98,Outer
-90,4.93,14.5,Outer
-90,4.88,14.02,Outer
-90,4.83,13.53,Outer
-90,4.78,13.05,Outer
-90,4.73,12.57,Outer
-90,4.68,12.08,Outer
-90,4.62,11.6,Outer
-90,4.55,11.12,Outer
-90,4.48,10.63,Outer
-90,4.47,10.56,Outer
-90,4.4,10.15,Outer
-90,4.3,9.67,Outer
-90,4.18,9.18,Outer
-90,4.03,8.7,Outer
-90,3.84,8.22,Outer
-90,3.62,7.73,Outer
-90,3.37,7.25,Outer
-90,3.07,6.77,Outer
-90,2.72,6.28,Outer
-90,2.34,5.8,Outer
-90,1.93,5.32,Outer
-90,1.49,4.83,Outer
-90,1.03,4.35,Outer
-90,0.56,3.87,Outer
-90,0.08,3.38,Outer
-90,0,3.3,Outer
-84,5.75,17.4,Inner
-84,5.72,16.92,Inner
-84,5.68,16.43,Inner
-84,5.63,15.95,Inner
-84,5.59,15.47,Inner
-84,5.55,14.98,Inner
-84,5.51,14.5,Inner
-84,5.46,14.02,Inner
-84,5.42,13.53,Inner
-84,5.37,13.05,Inner
-84,5.32,12.57,Inner
-84,5.27,12.08,Inner
-84,5.21,11.6,Inner
-84,5.15,11.12,Inner
-84,5.09,10.63,Inner
-84,5.08,10.56,Inner
-84,5.02,10.15,Inner
-84,4.94,9.67,Inner
-84,4.84,9.18,Inner
-84,4.72,8.7,Inner
-84,4.55,8.22,Inner
-84,4.35,7.73,Inner
-84,4.11,7.25,Inner
-84,3.82,6.77,Inner
-84,3.46,6.28,Inner
-84,3.03,5.8,Inner
-84,2.53,5.32,Inner
-84,1.97,4.83,Inner
-84,1.37,4.35,Inner
-84,0.74,3.87,Inner
-84,0.07,3.38,Inner
-84,0,3.33,Inner
-84,6.26,17.4,Outer
-84,6.22,16.92,Outer
-84,6.18,16.43,Outer
-84,6.14,15.95,Outer
-84,6.1,15.47,Outer
-84,6.06,14.98,Outer
-84,6.02,14.5,Outer
-84,5.97,14.02,Outer
-84,5.93,13.53,Outer
-84,5.88,13.05,Outer
-84,5.83,12.57,Outer
-84,5.78,12.08,Outer
-84,5.72,11.6,Outer
-84,5.67,11.12,Outer
-84,5.6,10.63,Outer
-84,5.59,10.56,Outer
-84,5.54,10.15,Outer
-84,5.46,9.67,Outer
-84,5.37,9.18,Outer
-84,5.25,8.7,Outer
-84,5.1,8.22,Outer
-84,4.91,7.73,Outer
-84,4.69,7.25,Outer
-84,4.42,6.77,Outer
-84,4.1,6.28,Outer
-84,3.72,5.8,Outer
-84,3.26,5.32,Outer
-84,2.75,4.83,Outer
-84,2.18,4.35,Outer
-84,1.57,3.87,Outer
-84,0.93,3.38,Outer
-84,0.25,2.9,Outer
-84,0,2.72,Outer
-78,6.82,17.4,Inner
-78,6.78,16.92,Inner
-78,6.74,16.43,Inner
-78,6.7,15.95,Inner
-78,6.67,15.47,Inner
-78,6.63,14.98,Inner
-78,6.58,14.5,Inner
-78,6.54,14.02,Inner
-78,6.5,13.53,Inner
-78,6.45,13.05,Inner
-78,6.41,12.57,Inner
-78,6.36,12.08,Inner
-78,6.31,11.6,Inner
-78,6.25,11.12,Inner
-78,6.2,10.63,Inner
-78,6.19,10.56,Inner
-78,6.14,10.15,Inner
-78,6.07,9.67,Inner
-78,5.99,9.18,Inner
-78,5.9,8.7,Inner
-78,5.79,8.22,Inner
-78,5.63,7.73,Inner
-78,5.44,7.25,Inner
-78,5.2,6.77,Inner
-78,4.91,6.28,Inner
-78,4.55,5.8,Inner
-78,4.1,5.32,Inner
-78,3.53,4.83,Inner
-78,2.85,4.35,Inner
-78,2.09,3.87,Inner
-78,1.25,3.38,Inner
-78,0.33,2.9,Inner
-78,0,2.73,Inner
-78,7.33,17.4,Outer
-78,7.29,16.92,Outer
-78,7.25,16.43,Outer
-78,7.21,15.95,Outer
-78,7.17,15.47,Outer
-78,7.13,14.98,Outer
-78,7.09,14.5,Outer
-78,7.05,14.02,Outer
-78,7.01,13.53,Outer
-78,6.96,13.05,Outer
-78,6.92,12.57,Outer
-78,6.87,12.08,Outer
-78,6.82,11.6,Outer
-78,6.77,11.12,Outer
-78,6.71,10.63,Outer
-78,6.7,10.56,Outer
-78,6.65,10.15,Outer
-78,6.58,9.67,Outer
-78,6.51,9.18,Outer
-78,6.42,8.7,Outer
-78,6.31,8.22,Outer
-78,6.17,7.73,Outer
-78,5.99,7.25,Outer
-78,5.78,6.77,Outer
-78,5.51,6.28,Outer
-78,5.19,5.8,Outer
-78,4.81,5.32,Outer
-78,4.32,4.83,Outer
-78,3.73,4.35,Outer
-78,3.04,3.87,Outer
-78,2.26,3.38,Outer
-78,1.41,2.9,Outer
-78,0.49,2.42,Outer
-78,0,2.17,Outer
-72,7.86,17.4,Inner
-72,7.83,16.92,Inner
-72,7.79,16.43,Inner
-72,7.75,15.95,Inner
-72,7.72,15.47,Inner
-72,7.68,14.98,Inner
-72,7.64,14.5,Inner
-72,7.6,14.02,Inner
-72,7.56,13.53,Inner
-72,7.51,13.05,Inner
-72,7.47,12.57,Inner
-72,7.42,12.08,Inner
-72,7.37,11.6,Inner
-72,7.33,11.12,Inner
-72,7.27,10.63,Inner
-72,7.26,10.56,Inner
-72,7.22,10.15,Inner
-72,7.16,9.67,Inner
-72,7.09,9.18,Inner
-72,7.02,8.7,Inner
-72,6.94,8.22,Inner
-72,6.83,7.73,Inner
-72,6.69,7.25,Inner
-72,6.51,6.77,Inner
-72,6.28,6.28,Inner
-72,5.99,5.8,Inner
-72,5.63,5.32,Inner
-72,5.18,4.83,Inner
-72,4.58,4.35,Inner
-72,3.82,3.87,Inner
-72,2.91,3.38,Inner
-72,1.85,2.9,Inner
-72,0.67,2.42,Inner
-72,0,2.17,Inner
-72,8.37,17.4,Outer
-72,8.34,16.92,Outer
-72,8.3,16.43,Outer
-72,8.26,15.95,Outer
-72,8.23,15.47,Outer
-72,8.19,14.98,Outer
-72,8.15,14.5,Outer
-72,8.11,14.02,Outer
-72,8.06,13.53,Outer
-72,8.02,13.05,Outer
-72,7.98,12.57,Outer
-72,7.93,12.08,Outer
-72,7.88,11.6,Outer
-72,7.84,11.12,Outer
-72,7.78,10.63,Outer
-72,7.73,10.15,Outer
-72,7.67,9.67,Outer
-72,7.61,9.18,Outer
-72,7.54,8.7,Outer
-72,7.46,8.22,Outer
-72,7.36,7.73,Outer
-72,7.23,7.25,Outer
-72,7.06,6.77,Outer
-72,6.85,6.28,Outer
-72,6.59,5.8,Outer
-72,6.28,5.32,Outer
-72,5.89,4.83,Outer
-72,5.41,4.35,Outer
-72,4.78,3.87,Outer
-72,3.99,3.38,Outer
-72,3.07,2.9,Outer
-72,2,2.42,Outer
-72,0.81,1.93,Outer
-72,0,1.63,Outer
-66,8.81,17.4,Inner
-66,8.78,16.92,Inner
-66,8.74,16.43,Inner
-66,8.7,15.95,Inner
-66,8.66,15.47,Inner
-66,8.63,14.98,Inner
-66,8.59,14.5,Inner
-66,8.55,14.02,Inner
-66,8.51,13.53,Inner
-66,8.46,13.05,Inner
-66,8.42,12.57,Inner
-66,8.38,12.08,Inner
-66,8.33,11.6,Inner
-66,8.29,11.12,Inner
-66,8.24,10.63,Inner
-66,8.23,10.56,Inner
-66,8.19,10.15,Inner
-66,8.13,9.67,Inner
-66,8.08,9.18,Inner
-66,8.01,8.7,Inner
-66,7.95,8.22,Inner
-66,7.87,7.73,Inner
-66,7.78,7.25,Inner
-66,7.65,6.77,Inner
-66,7.47,6.28,Inner
-66,7.24,5.8,Inner
-66,6.95,5.32,Inner
-66,6.57,4.83,Inner
-66,6.07,4.35,Inner
-66,5.39,3.87,Inner
-66,4.51,3.38,Inner
-66,3.44,2.9,Inner
-66,2.2,2.42,Inner
-66,0.81,1.93,Inner
-66,0,1.68,Inner
-66,9.32,17.4,Outer
-66,9.28,16.92,Outer
-66,9.25,16.43,Outer
-66,9.21,15.95,Outer
-66,9.17,15.47,Outer
-66,9.13,14.98,Outer
-66,9.09,14.5,Outer
-66,9.05,14.02,Outer
-66,9.01,13.53,Outer
-66,8.97,13.05,Outer
-66,8.93,12.57,Outer
-66,8.88,12.08,Outer
-66,8.84,11.6,Outer
-66,8.79,11.12,Outer
-66,8.74,10.63,Outer
-66,8.69,10.15,Outer
-66,8.64,9.67,Outer
-66,8.58,9.18,Outer
-66,8.52,8.7,Outer
-66,8.46,8.22,Outer
-66,8.39,7.73,Outer
-66,8.3,7.25,Outer
-66,8.18,6.77,Outer
-66,8.02,6.28,Outer
-66,7.81,5.8,Outer
-66,7.55,5.32,Outer
-66,7.23,4.83,Outer
-66,6.81,4.35,Outer
-66,6.28,3.87,Outer
-66,5.57,3.38,Outer
-66,4.67,2.9,Outer
-66,3.59,2.42,Outer
-66,2.34,1.93,Outer
-66,0.94,1.45,Outer
-66,0,1.15,Outer
-60,9.65,17.4,Inner
-60,9.64,17.3,Inner
-60,9.62,16.92,Inner
-60,9.59,16.43,Inner
-60,9.55,15.95,Inner
-60,9.52,15.47,Inner
-60,9.48,14.98,Inner
-60,9.45,14.5,Inner
-60,9.41,14.02,Inner
-60,9.37,13.53,Inner
-60,9.33,13.05,Inner
-60,9.3,12.57,Inner
-60,9.26,12.08,Inner
-60,9.21,11.6,Inner
-60,9.17,11.12,Inner
-60,9.13,10.63,Inner
-60,9.12,10.56,Inner
-60,9.08,10.15,Inner
-60,9.03,9.67,Inner
-60,8.98,9.18,Inner
-60,8.92,8.7,Inner
-60,8.87,8.22,Inner
-60,8.8,7.73,Inner
-60,8.73,7.25,Inner
-60,8.63,6.77,Inner
-60,8.5,6.28,Inner
-60,8.33,5.8,Inner
-60,8.1,5.32,Inner
-60,7.79,4.83,Inner
-60,7.39,4.35,Inner
-60,6.84,3.87,Inner
-60,6.07,3.38,Inner
-60,5.05,2.9,Inner
-60,3.8,2.42,Inner
-60,2.33,1.93,Inner
-60,0.66,1.45,Inner
-60,0,1.27,Inner
-60,10.16,17.4,Outer
-60,10.13,16.92,Outer
-60,10.09,16.43,Outer
-60,10.06,15.95,Outer
-60,10.02,15.47,Outer
-60,9.99,14.98,Outer
-60,9.95,14.5,Outer
-60,9.92,14.02,Outer
-60,9.88,13.53,Outer
-60,9.84,13.05,Outer
-60,9.8,12.57,Outer
-60,9.76,12.08,Outer
-60,9.72,11.6,Outer
-60,9.68,11.12,Outer
-60,9.63,10.63,Outer
-60,9.59,10.15,Outer
-60,9.54,9.67,Outer
-60,9.49,9.18,Outer
-60,9.43,8.7,Outer
-60,9.38,8.22,Outer
-60,9.31,7.73,Outer
-60,9.24,7.25,Outer
-60,9.15,6.77,Outer
-60,9.03,6.28,Outer
-60,8.87,5.8,Outer
-60,8.67,5.32,Outer
-60,8.4,4.83,Outer
-60,8.06,4.35,Outer
-60,7.62,3.87,Outer
-60,7.04,3.38,Outer
-60,6.23,2.9,Outer
-60,5.2,2.42,Outer
-60,3.94,1.93,Outer
-60,2.47,1.45,Outer
-60,0.79,0.97,Outer
-60,0,0.76,Outer
-54,10.45,17.4,Inner
-54,10.43,16.92,Inner
-54,10.4,16.43,Inner
-54,10.37,15.95,Inner
-54,10.33,15.47,Inner
-54,10.3,14.98,Inner
-54,10.27,14.5,Inner
-54,10.24,14.02,Inner
-54,10.2,13.53,Inner
-54,10.17,13.05,Inner
-54,10.13,12.57,Inner
-54,10.1,12.08,Inner
-54,10.06,11.6,Inner
-54,10.02,11.12,Inner
-54,9.98,10.63,Inner
-54,9.97,10.56,Inner
-54,9.94,10.15,Inner
-54,9.89,9.67,Inner
-54,9.85,9.18,Inner
-54,9.8,8.7,Inner
-54,9.74,8.22,Inner
-54,9.69,7.73,Inner
-54,9.62,7.25,Inner
-54,9.55,6.77,Inner
-54,9.45,6.28,Inner
-54,9.32,5.8,Inner
-54,9.14,5.32,Inner
-54,8.9,4.83,Inner
-54,8.59,4.35,Inner
-54,8.17,3.87,Inner
-54,7.58,3.38,Inner
-54,6.72,2.9,Inner
-54,5.55,2.42,Inner
-54,4.08,1.93,Inner
-54,2.32,1.45,Inner
-54,0.27,0.97,Inner
-54,0,0.91,Inner
-54,10.96,17.4,Outer
-54,10.93,16.92,Outer
-54,10.9,16.43,Outer
-54,10.87,15.95,Outer
-54,10.84,15.47,Outer
-54,10.81,14.98,Outer
-54,10.78,14.5,Outer
-54,10.74,14.02,Outer
-54,10.71,13.53,Outer
-54,10.67,13.05,Outer
-54,10.64,12.57,Outer
-54,10.6,12.08,Outer
-54,10.56,11.6,Outer
-54,10.53,11.12,Outer
-54,10.49,10.63,Outer
-54,10.48,10.56,Outer
-54,10.44,10.15,Outer
-54,10.4,9.67,Outer
-54,10.35,9.18,Outer
-54,10.3,8.7,Outer
-54,10.25,8.22,Outer
-54,10.19,7.73,Outer
-54,10.13,7.25,Outer
-54,10.06,6.77,Outer
-54,9.97,6.28,Outer
-54,9.85,5.8,Outer
-54,9.68,5.32,Outer
-54,9.47,4.83,Outer
-54,9.2,4.35,Outer
-54,8.85,3.87,Outer
-54,8.39,3.38,Outer
-54,7.76,2.9,Outer
-54,6.87,2.42,Outer
-54,5.69,1.93,Outer
-54,4.21,1.45,Outer
-54,2.45,0.97,Outer
-54,0.4,0.48,Outer
-54,0,0.4,Outer
-48,11.13,17.4,Inner
-48,11.1,16.92,Inner
-48,11.07,16.43,Inner
-48,11.04,15.95,Inner
-48,11.01,15.47,Inner
-48,10.98,14.98,Inner
-48,10.95,14.5,Inner
-48,10.92,14.02,Inner
-48,10.89,13.53,Inner
-48,10.86,13.05,Inner
-48,10.82,12.57,Inner
-48,10.79,12.08,Inner
-48,10.75,11.6,Inner
-48,10.72,11.12,Inner
-48,10.68,10.63,Inner
-48,10.67,10.56,Inner
-48,10.64,10.15,Inner
-48,10.6,9.67,Inner
-48,10.55,9.18,Inner
-48,10.51,8.7,Inner
-48,10.46,8.22,Inner
-48,10.4,7.73,Inner
-48,10.35,7.25,Inner
-48,10.28,6.77,Inner
-48,10.21,6.28,Inner
-48,10.1,5.8,Inner
-48,9.96,5.32,Inner
-48,9.77,4.83,Inner
-48,9.52,4.35,Inner
-48,9.19,3.87,Inner
-48,8.74,3.38,Inner
-48,8.09,2.9,Inner
-48,7.09,2.42,Inner
-48,5.68,1.93,Inner
-48,3.86,1.45,Inner
-48,1.61,0.97,Inner
-48,0,0.67,Inner
-48,11.63,17.4,Outer
-48,11.6,16.92,Outer
-48,11.58,16.43,Outer
-48,11.55,15.95,Outer
-48,11.52,15.47,Outer
-48,11.49,14.98,Outer
-48,11.46,14.5,Outer
-48,11.43,14.02,Outer
-48,11.39,13.53,Outer
-48,11.36,13.05,Outer
-48,11.33,12.57,Outer
-48,11.29,12.08,Outer
-48,11.26,11.6,Outer
-48,11.22,11.12,Outer
-48,11.18,10.63,Outer
-48,11.14,10.15,Outer
-48,11.1,9.67,Outer
-48,11.06,9.18,Outer
-48,11.01,8.7,Outer
-48,10.96,8.22,Outer
-48,10.91,7.73,Outer
-48,10.85,7.25,Outer
-48,10.79,6.77,Outer
-48,10.72,6.28,Outer
-48,10.62,5.8,Outer
-48,10.49,5.32,Outer
-48,10.32,4.83,Outer
-48,10.1,4.35,Outer
-48,9.82,3.87,Outer
-48,9.45,3.38,Outer
-48,8.96,2.9,Outer
-48,8.26,2.42,Outer
-48,7.23,1.93,Outer
-48,5.81,1.45,Outer
-48,3.99,0.97,Outer
-48,1.74,0.48,Outer
-48,0,0.16,Outer
-42,11.68,17.4,Inner
-42,11.66,16.92,Inner
-42,11.63,16.43,Inner
-42,11.6,15.95,Inner
-42,11.57,15.47,Inner
-42,11.54,14.98,Inner
-42,11.51,14.5,Inner
-42,11.48,14.02,Inner
-42,11.45,13.53,Inner
-42,11.42,13.05,Inner
-42,11.38,12.57,Inner
-42,11.35,12.08,Inner
-42,11.31,11.6,Inner
-42,11.28,11.12,Inner
-42,11.24,10.63,Inner
-42,11.23,10.56,Inner
-42,11.2,10.15,Inner
-42,11.16,9.67,Inner
-42,11.12,9.18,Inner
-42,11.07,8.7,Inner
-42,11.03,8.22,Inner
-42,10.98,7.73,Inner
-42,10.92,7.25,Inner
-42,10.86,6.77,Inner
-42,10.8,6.28,Inner
-42,10.72,5.8,Inner
-42,10.6,5.32,Inner
-42,10.45,4.83,Inner
-42,10.25,4.35,Inner
-42,9.98,3.87,Inner
-42,9.63,3.38,Inner
-42,9.13,2.9,Inner
-42,8.36,2.42,Inner
-42,7.1,1.93,Inner
-42,5.29,1.45,Inner
-42,2.81,0.97,Inner
-42,0,0.54,Inner
-42,12.19,17.4,Outer
-42,12.16,16.92,Outer
-42,12.13,16.43,Outer
-42,12.1,15.95,Outer
-42,12.07,15.47,Outer
-42,12.04,14.98,Outer
-42,12.01,14.5,Outer
-42,11.98,14.02,Outer
-42,11.95,13.53,Outer
-42,11.92,13.05,Outer
-42,11.89,12.57,Outer
-42,11.85,12.08,Outer
-42,11.82,11.6,Outer
-42,11.78,11.12,Outer
-42,11.74,10.63,Outer
-42,11.7,10.15,Outer
-42,11.66,9.67,Outer
-42,11.62,9.18,Outer
-42,11.58,8.7,Outer
-42,11.53,8.22,Outer
-42,11.48,7.73,Outer
-42,11.43,7.25,Outer
-42,11.37,6.77,Outer
-42,11.31,6.28,Outer
-42,11.23,5.8,Outer
-42,11.12,5.32,Outer
-42,10.98,4.83,Outer
-42,10.8,4.35,Outer
-42,10.57,3.87,Outer
-42,10.27,3.38,Outer
-42,9.87,2.9,Outer
-42,9.33,2.42,Outer
-42,8.51,1.93,Outer
-42,7.24,1.45,Outer
-42,5.42,0.97,Outer
-42,2.95,0.48,Outer
-42,0,0.04,Outer
-36,12.15,17.4,Inner
-36,12.12,16.92,Inner
-36,12.09,16.43,Inner
-36,12.06,15.95,Inner
-36,12.03,15.47,Inner
-36,12,14.98,Inner
-36,11.97,14.5,Inner
-36,11.94,14.02,Inner
-36,11.91,13.53,Inner
-36,11.87,13.05,Inner
-36,11.84,12.57,Inner
-36,11.8,12.08,Inner
-36,11.77,11.6,Inner
-36,11.73,11.12,Inner
-36,11.69,10.63,Inner
-36,11.65,10.15,Inner
-36,11.61,9.67,Inner
-36,11.57,9.18,Inner
-36,11.53,8.7,Inner
-36,11.48,8.22,Inner
-36,11.43,7.73,Inner
-36,11.38,7.25,Inner
-36,11.33,6.77,Inner
-36,11.27,6.28,Inner
-36,11.2,5.8,Inner
-36,11.11,5.32,Inner
-36,10.98,4.83,Inner
-36,10.82,4.35,Inner
-36,10.6,3.87,Inner
-36,10.31,3.38,Inner
-36,9.91,2.9,Inner
-36,9.33,2.42,Inner
-36,8.33,1.93,Inner
-36,6.6,1.45,Inner
-36,3.92,0.97,Inner
-36,0,0.5,Inner
-36,12.65,17.4,Outer
-36,12.62,16.92,Outer
-36,12.6,16.43,Outer
-36,12.57,15.95,Outer
-36,12.54,15.47,Outer
-36,12.5,14.98,Outer
-36,12.47,14.5,Outer
-36,12.44,14.02,Outer
-36,12.41,13.53,Outer
-36,12.37,13.05,Outer
-36,12.34,12.57,Outer
-36,12.31,12.08,Outer
-36,12.27,11.6,Outer
-36,12.23,11.12,Outer
-36,12.2,10.63,Outer
-36,12.19,10.56,Outer
-36,12.16,10.15,Outer
-36,12.12,9.67,Outer
-36,12.07,9.18,Outer
-36,12.03,8.7,Outer
-36,11.98,8.22,Outer
-36,11.94,7.73,Outer
-36,11.89,7.25,Outer
-36,11.83,6.77,Outer
-36,11.77,6.28,Outer
-36,11.71,5.8,Outer
-36,11.62,5.32,Outer
-36,11.5,4.83,Outer
-36,11.35,4.35,Outer
-36,11.16,3.87,Outer
-36,10.9,3.38,Outer
-36,10.58,2.9,Outer
-36,10.14,2.42,Outer
-36,9.51,1.93,Outer
-36,8.46,1.45,Outer
-36,6.74,0.97,Outer
-36,4.07,0.48,Outer
-36,0,0,Outer
-30,12.57,17.4,Inner
-30,12.54,16.92,Inner
-30,12.51,16.43,Inner
-30,12.48,15.95,Inner
-30,12.45,15.47,Inner
-30,12.42,14.98,Inner
-30,12.38,14.5,Inner
-30,12.35,14.02,Inner
-30,12.32,13.53,Inner
-30,12.28,13.05,Inner
-30,12.25,12.57,Inner
-30,12.21,12.08,Inner
-30,12.17,11.6,Inner
-30,12.13,11.12,Inner
-30,12.1,10.63,Inner
-30,12.09,10.56,Inner
-30,12.06,10.15,Inner
-30,12.02,9.67,Inner
-30,11.97,9.18,Inner
-30,11.93,8.7,Inner
-30,11.89,8.22,Inner
-30,11.84,7.73,Inner
-30,11.79,7.25,Inner
-30,11.74,6.77,Inner
-30,11.68,6.28,Inner
-30,11.62,5.8,Inner
-30,11.54,5.32,Inner
-30,11.44,4.83,Inner
-30,11.3,4.35,Inner
-30,11.12,3.87,Inner
-30,10.88,3.38,Inner
-30,10.56,2.9,Inner
-30,10.11,2.42,Inner
-30,9.37,1.93,Inner
-30,7.91,1.45,Inner
-30,5.17,0.97,Inner
-30,0,0.5,Inner
-30,13.08,17.4,Outer
-30,13.04,16.92,Outer
-30,13.01,16.43,Outer
-30,12.98,15.95,Outer
-30,12.95,15.47,Outer
-30,12.92,14.98,Outer
-30,12.89,14.5,Outer
-30,12.85,14.02,Outer
-30,12.82,13.53,Outer
-30,12.78,13.05,Outer
-30,12.75,12.57,Outer
-30,12.71,12.08,Outer
-30,12.68,11.6,Outer
-30,12.64,11.12,Outer
-30,12.6,10.63,Outer
-30,12.56,10.15,Outer
-30,12.59,10.56,Outer
-30,12.52,9.67,Outer
-30,12.48,9.18,Outer
-30,12.43,8.7,Outer
-30,12.39,8.22,Outer
-30,12.34,7.73,Outer
-30,12.29,7.25,Outer
-30,12.24,6.77,Outer
-30,12.19,6.28,Outer
-30,12.13,5.8,Outer
-30,12.05,5.32,Outer
-30,11.96,4.83,Outer
-30,11.83,4.35,Outer
-30,11.66,3.87,Outer
-30,11.45,3.38,Outer
-30,11.17,2.9,Outer
-30,10.81,2.42,Outer
-30,10.31,1.93,Outer
-30,9.52,1.45,Outer
-30,8.04,0.97,Outer
-30,5.33,0.48,Outer
-30,0,0,Outer
-24,12.98,17.4,Inner
-24,12.94,16.92,Inner
-24,12.91,16.43,Inner
-24,12.88,15.95,Inner
-24,12.85,15.47,Inner
-24,12.81,14.98,Inner
-24,12.78,14.5,Inner
-24,12.75,14.02,Inner
-24,12.71,13.53,Inner
-24,12.68,13.05,Inner
-24,12.64,12.57,Inner
-24,12.61,12.08,Inner
-24,12.57,11.6,Inner
-24,12.53,11.12,Inner
-24,12.49,10.63,Inner
-24,12.45,10.15,Inner
-24,12.41,9.67,Inner
-24,12.37,9.18,Inner
-24,12.33,8.7,Inner
-24,12.28,8.22,Inner
-24,12.24,7.73,Inner
-24,12.19,7.25,Inner
-24,12.14,6.77,Inner
-24,12.09,6.28,Inner
-24,12.03,5.8,Inner
-24,11.97,5.32,Inner
-24,11.88,4.83,Inner
-24,11.76,4.35,Inner
-24,11.61,3.87,Inner
-24,11.4,3.38,Inner
-24,11.13,2.9,Inner
-24,10.76,2.42,Inner
-24,10.21,1.93,Inner
-24,9.14,1.45,Inner
-24,6.7,0.97,Inner
-24,0,0.5,Inner
-24,13.48,17.4,Outer
-24,13.45,16.92,Outer
-24,13.41,16.43,Outer
-24,13.38,15.95,Outer
-24,13.35,15.47,Outer
-24,13.32,14.98,Outer
-24,13.28,14.5,Outer
-24,13.25,14.02,Outer
-24,13.22,13.53,Outer
-24,13.18,13.05,Outer
-24,13.14,12.57,Outer
-24,13.11,12.08,Outer
-24,13.07,11.6,Outer
-24,13.03,11.12,Outer
-24,13,10.63,Outer
-24,12.99,10.56,Outer
-24,12.96,10.15,Outer
-24,12.92,9.67,Outer
-24,12.87,9.18,Outer
-24,12.83,8.7,Outer
-24,12.79,8.22,Outer
-24,12.74,7.73,Outer
-24,12.7,7.25,Outer
-24,12.65,6.77,Outer
-24,12.59,6.28,Outer
-24,12.54,5.8,Outer
-24,12.48,5.32,Outer
-24,12.39,4.83,Outer
-24,12.28,4.35,Outer
-24,12.14,3.87,Outer
-24,11.95,3.38,Outer
-24,11.72,2.9,Outer
-24,11.41,2.42,Outer
-24,10.99,1.93,Outer
-24,10.39,1.45,Outer
-24,9.27,0.97,Outer
-24,6.86,0.48,Outer
-24,0,0,Outer
-18,13.24,17.4,Inner
-18,13.21,16.92,Inner
-18,13.18,16.43,Inner
-18,13.15,15.95,Inner
-18,13.12,15.47,Inner
-18,13.09,14.98,Inner
-18,13.06,14.5,Inner
-18,13.03,14.02,Inner
-18,13,13.53,Inner
-18,12.96,13.05,Inner
-18,12.93,12.57,Inner
-18,12.89,12.08,Inner
-18,12.86,11.6,Inner
-18,12.82,11.12,Inner
-18,12.79,10.63,Inner
-18,12.78,10.56,Inner
-18,12.75,10.15,Inner
-18,12.71,9.67,Inner
-18,12.67,9.18,Inner
-18,12.63,8.7,Inner
-18,12.59,8.22,Inner
-18,12.55,7.73,Inner
-18,12.5,7.25,Inner
-18,12.45,6.77,Inner
-18,12.41,6.28,Inner
-18,12.35,5.8,Inner
-18,12.29,5.32,Inner
-18,12.21,4.83,Inner
-18,12.09,4.35,Inner
-18,11.95,3.87,Inner
-18,11.75,3.38,Inner
-18,11.5,2.9,Inner
-18,11.16,2.42,Inner
-18,10.67,1.93,Inner
-18,9.82,1.45,Inner
-18,7.77,0.97,Inner
-18,0,0.5,Inner
-18,13.74,17.4,Outer
-18,13.71,16.92,Outer
-18,13.68,16.43,Outer
-18,13.65,15.95,Outer
-18,13.62,15.47,Outer
-18,13.59,14.98,Outer
-18,13.56,14.5,Outer
-18,13.53,14.02,Outer
-18,13.5,13.53,Outer
-18,13.46,13.05,Outer
-18,13.43,12.57,Outer
-18,13.4,12.08,Outer
-18,13.36,11.6,Outer
-18,13.33,11.12,Outer
-18,13.29,10.63,Outer
-18,13.28,10.56,Outer
-18,13.25,10.15,Outer
-18,13.21,9.67,Outer
-18,13.18,9.18,Outer
-18,13.13,8.7,Outer
-18,13.09,8.22,Outer
-18,13.05,7.73,Outer
-18,13,7.25,Outer
-18,12.96,6.77,Outer
-18,12.91,6.28,Outer
-18,12.86,5.8,Outer
-18,12.8,5.32,Outer
-18,12.72,4.83,Outer
-18,12.61,4.35,Outer
-18,12.47,3.87,Outer
-18,12.3,3.38,Outer
-18,12.07,2.9,Outer
-18,11.79,2.42,Outer
-18,11.4,1.93,Outer
-18,10.86,1.45,Outer
-18,9.96,0.97,Outer
-18,7.92,0.48,Outer
-18,0,0,Outer
-12,13.29,17.4,Inner
-12,13.27,16.92,Inner
-12,13.24,16.43,Inner
-12,13.21,15.95,Inner
-12,13.18,15.47,Inner
-12,13.15,14.98,Inner
-12,13.12,14.5,Inner
-12,13.09,14.02,Inner
-12,13.06,13.53,Inner
-12,13.03,13.05,Inner
-12,12.99,12.57,Inner
-12,12.96,12.08,Inner
-12,12.93,11.6,Inner
-12,12.89,11.12,Inner
-12,12.86,10.63,Inner
-12,12.85,10.56,Inner
-12,12.82,10.15,Inner
-12,12.78,9.67,Inner
-12,12.74,9.18,Inner
-12,12.7,8.7,Inner
-12,12.66,8.22,Inner
-12,12.62,7.73,Inner
-12,12.57,7.25,Inner
-12,12.53,6.77,Inner
-12,12.48,6.28,Inner
-12,12.42,5.8,Inner
-12,12.35,5.32,Inner
-12,12.26,4.83,Inner
-12,12.13,4.35,Inner
-12,11.97,3.87,Inner
-12,11.77,3.38,Inner
-12,11.51,2.9,Inner
-12,11.17,2.42,Inner
-12,10.69,1.93,Inner
-12,9.93,1.45,Inner
-12,8.07,0.97,Inner
-12,0,0.5,Inner
-12,13.8,17.4,Outer
-12,13.77,16.92,Outer
-12,13.74,16.43,Outer
-12,13.71,15.95,Outer
-12,13.68,15.47,Outer
-12,13.65,14.98,Outer
-12,13.62,14.5,Outer
-12,13.59,14.02,Outer
-12,13.56,13.53,Outer
-12,13.53,13.05,Outer
-12,13.49,12.57,Outer
-12,13.46,12.08,Outer
-12,13.43,11.6,Outer
-12,13.39,11.12,Outer
-12,13.36,10.63,Outer
-12,13.35,10.56,Outer
-12,13.32,10.15,Outer
-12,13.28,9.67,Outer
-12,13.25,9.18,Outer
-12,13.21,8.7,Outer
-12,13.16,8.22,Outer
-12,13.12,7.73,Outer
-12,13.08,7.25,Outer
-12,13.03,6.77,Outer
-12,12.98,6.28,Outer
-12,12.93,5.8,Outer
-12,12.86,5.32,Outer
-12,12.77,4.83,Outer
-12,12.65,4.35,Outer
-12,12.5,3.87,Outer
-12,12.32,3.38,Outer
-12,12.08,2.9,Outer
-12,11.79,2.42,Outer
-12,11.41,1.93,Outer
-12,10.89,1.45,Outer
-12,10.07,0.97,Outer
-12,8.21,0.48,Outer
-12,0,0,Outer
-6,13.3,17.4,Inner
-6,13.27,16.92,Inner
-6,13.24,16.43,Inner
-6,13.21,15.95,Inner
-6,13.18,15.47,Inner
-6,13.15,14.98,Inner
-6,13.12,14.5,Inner
-6,13.09,14.02,Inner
-6,13.06,13.53,Inner
-6,13.03,13.05,Inner
-6,13,12.57,Inner
-6,12.97,12.08,Inner
-6,12.93,11.6,Inner
-6,12.9,11.12,Inner
-6,12.86,10.63,Inner
-6,12.83,10.15,Inner
-6,12.79,9.67,Inner
-6,12.75,9.18,Inner
-6,12.71,8.7,Inner
-6,12.67,8.22,Inner
-6,12.63,7.73,Inner
-6,12.58,7.25,Inner
-6,12.53,6.77,Inner
-6,12.48,6.28,Inner
-6,12.42,5.8,Inner
-6,12.34,5.32,Inner
-6,12.24,4.83,Inner
-6,12.1,4.35,Inner
-6,11.93,3.87,Inner
-6,11.71,3.38,Inner
-6,11.44,2.9,Inner
-6,11.09,2.42,Inner
-6,10.62,1.93,Inner
-6,9.91,1.45,Inner
-6,8.18,0.97,Inner
-6,0,0.5,Inner
-6,13.8,17.4,Outer
-6,13.77,16.92,Outer
-6,13.74,16.43,Outer
-6,13.71,15.95,Outer
-6,13.69,15.47,Outer
-6,13.66,14.98,Outer
-6,13.63,14.5,Outer
-6,13.6,14.02,Outer
-6,13.56,13.53,Outer
-6,13.53,13.05,Outer
-6,13.5,12.57,Outer
-6,13.47,12.08,Outer
-6,13.43,11.6,Outer
-6,13.4,11.12,Outer
-6,13.36,10.63,Outer
-6,13.33,10.15,Outer
-6,13.29,9.67,Outer
-6,13.25,9.18,Outer
-6,13.21,8.7,Outer
-6,13.17,8.22,Outer
-6,13.13,7.73,Outer
-6,13.08,7.25,Outer
-6,13.04,6.77,Outer
-6,12.98,6.28,Outer
-6,12.93,5.8,Outer
-6,12.85,5.32,Outer
-6,12.75,4.83,Outer
-6,12.62,4.35,Outer
-6,12.46,3.87,Outer
-6,12.26,3.38,Outer
-6,12.02,2.9,Outer
-6,11.72,2.42,Outer
-6,11.33,1.93,Outer
-6,10.83,1.45,Outer
-6,10.06,0.97,Outer
-6,8.32,0.48,Outer
-6,0,0,Outer
0,13.3,17.4,Inner
0,13.27,16.92,Inner
0,13.24,16.43,Inner
0,13.21,15.95,Inner
0,13.18,15.47,Inner
0,13.15,14.98,Inner
0,13.12,14.5,Inner
0,13.09,14.02,Inner
0,13.06,13.53,Inner
0,13.03,13.05,Inner
0,13,12.57,Inner
0,12.97,12.08,Inner
0,12.93,11.6,Inner
0,12.9,11.12,Inner
0,12.86,10.63,Inner
0,12.83,10.15,Inner
0,12.79,9.67,Inner
0,12.75,9.18,Inner
0,12.71,8.7,Inner
0,12.67,8.22,Inner
0,12.63,7.73,Inner
0,12.58,7.25,Inner
0,12.53,6.77,Inner
0,12.48,6.28,Inner
0,12.42,5.8,Inner
0,12.34,5.32,Inner
0,12.23,4.83,Inner
0,12.09,4.35,Inner
0,11.91,3.87,Inner
0,11.7,3.38,Inner
0,11.42,2.9,Inner
0,11.07,2.42,Inner
0,10.61,1.93,Inner
0,9.9,1.45,Inner
0,8.21,0.97,Inner
0,0,0.5,Inner
0,13.8,17.4,Outer
0,13.77,16.92,Outer
0,13.74,16.43,Outer
0,13.71,15.95,Outer
0,13.69,15.47,Outer
0,13.66,14.98,Outer
0,13.63,14.5,Outer
0,13.6,14.02,Outer
0,13.56,13.53,Outer
0,13.53,13.05,Outer
0,13.5,12.57,Outer
0,13.47,12.08,Outer
0,13.43,11.6,Outer
0,13.4,11.12,Outer
0,13.37,10.63,Outer
0,13.33,10.15,Outer
0,13.29,9.67,Outer
0,13.25,9.18,Outer
0,13.21,8.7,Outer
0,13.17,8.22,Outer
0,13.13,7.73,Outer
0,13.08,7.25,Outer
0,13.04,6.77,Outer
0,12.98,6.28,Outer
0,12.93,5.8,Outer
0,12.85,5.32,Outer
0,12.75,4.83,Outer
0,12.61,4.35,Outer
0,12.45,3.87,Outer
0,12.25,3.38,Outer
0,12,2.9,Outer
0,11.7,2.42,Outer
0,11.32,1.93,Outer
0,10.81,1.45,Outer
0,10.05,0.97,Outer
0,8.34,0.48,Outer
0,0,0,Outer
6,13.25,17.4,Inner
6,13.22,16.92,Inner
6,13.19,16.43,Inner
6,13.17,15.95,Inner
6,13.14,15.47,Inner
6,13.11,14.98,Inner
6,13.08,14.5,Inner
6,13.05,14.02,Inner
6,13.01,13.53,Inner
6,12.98,13.05,Inner
6,12.95,12.57,Inner
6,12.92,12.08,Inner
6,12.88,11.6,Inner
6,12.85,11.12,Inner
6,12.81,10.63,Inner
6,12.77,10.15,Inner
6,12.74,9.67,Inner
6,12.7,9.18,Inner
6,12.66,8.7,Inner
6,12.62,8.22,Inner
6,12.57,7.73,Inner
6,12.53,7.25,Inner
6,12.48,6.77,Inner
6,12.43,6.28,Inner
6,12.37,5.8,Inner
6,12.31,5.32,Inner
6,12.21,4.83,Inner
6,12.09,4.35,Inner
6,11.93,3.87,Inner
6,11.73,3.38,Inner
6,11.47,2.9,Inner
6,11.11,2.42,Inner
6,10.62,1.93,Inner
6,9.77,1.45,Inner
6,7.74,0.97,Inner
6,0,0.53,Inner
6,13.75,17.4,Outer
6,13.72,16.92,Outer
6,13.7,16.43,Outer
6,13.67,15.95,Outer
6,13.64,15.47,Outer
6,13.61,14.98,Outer
6,13.58,14.5,Outer
6,13.55,14.02,Outer
6,13.51,13.53,Outer
6,13.48,13.05,Outer
6,13.45,12.57,Outer
6,13.42,12.08,Outer
6,13.38,11.6,Outer
6,13.35,11.12,Outer
6,13.31,10.63,Outer
6,13.28,10.15,Outer
6,13.24,9.67,Outer
6,13.2,9.18,Outer
6,13.16,8.7,Outer
6,13.12,8.22,Outer
6,13.07,7.73,Outer
6,13.03,7.25,Outer
6,12.98,6.77,Outer
6,12.93,6.28,Outer
6,12.88,5.8,Outer
6,12.81,5.32,Outer
6,12.72,4.83,Outer
6,12.61,4.35,Outer
6,12.46,3.87,Outer
6,12.28,3.38,Outer
6,12.04,2.9,Outer
6,11.75,2.42,Outer
6,11.35,1.93,Outer
6,10.81,1.45,Outer
6,9.91,0.97,Outer
6,7.89,0.48,Outer
6,0,0.03,Outer
12,13.06,17.4,Inner
12,13.03,16.92,Inner
12,13,16.43,Inner
12,12.97,15.95,Inner
12,12.94,15.47,Inner
12,12.91,14.98,Inner
12,12.88,14.5,Inner
12,12.85,14.02,Inner
12,12.82,13.53,Inner
12,12.79,13.05,Inner
12,12.75,12.57,Inner
12,12.72,12.08,Inner
12,12.68,11.6,Inner
12,12.65,11.12,Inner
12,12.61,10.63,Inner
12,12.57,10.15,Inner
12,12.53,9.67,Inner
12,12.49,9.18,Inner
12,12.45,8.7,Inner
12,12.4,8.22,Inner
12,12.36,7.73,Inner
12,12.31,7.25,Inner
12,12.25,6.77,Inner
12,12.2,6.28,Inner
12,12.14,5.8,Inner
12,12.06,5.32,Inner
12,11.95,4.83,Inner
12,11.81,4.35,Inner
12,11.63,3.87,Inner
12,11.4,3.38,Inner
12,11.1,2.9,Inner
12,10.68,2.42,Inner
12,10.07,1.93,Inner
12,8.94,1.45,Inner
12,6.4,0.97,Inner
12,0,0.65,Inner
12,13.56,17.4,Outer
12,13.53,16.92,Outer
12,13.5,16.43,Outer
12,13.47,15.95,Outer
12,13.45,15.47,Outer
12,13.42,14.98,Outer
12,13.38,14.5,Outer
12,13.35,14.02,Outer
12,13.32,13.53,Outer
12,13.29,13.05,Outer
12,13.26,12.57,Outer
12,13.22,12.08,Outer
12,13.19,11.6,Outer
12,13.15,11.12,Outer
12,13.11,10.63,Outer
12,13.07,10.15,Outer
12,13.03,9.67,Outer
12,12.99,9.18,Outer
12,12.95,8.7,Outer
12,12.91,8.22,Outer
12,12.86,7.73,Outer
12,12.81,7.25,Outer
12,12.76,6.77,Outer
12,12.7,6.28,Outer
12,12.64,5.8,Outer
12,12.57,5.32,Outer
12,12.47,4.83,Outer
12,12.34,4.35,Outer
12,12.17,3.87,Outer
12,11.96,3.38,Outer
12,11.7,2.9,Outer
12,11.36,2.42,Outer
12,10.9,1.93,Outer
12,10.24,1.45,Outer
12,9.07,0.97,Outer
12,6.57,0.48,Outer
12,0,0.15,Outer
18,12.81,17.4,Inner
18,12.78,16.92,Inner
18,12.75,16.43,Inner
18,12.72,15.95,Inner
18,12.69,15.47,Inner
18,12.66,14.98,Inner
18,12.63,14.5,Inner
18,12.6,14.02,Inner
18,12.57,13.53,Inner
18,12.53,13.05,Inner
18,12.5,12.57,Inner
18,12.46,12.08,Inner
18,12.43,11.6,Inner
18,12.39,11.12,Inner
18,12.35,10.63,Inner
18,12.31,10.15,Inner
18,12.27,9.67,Inner
18,12.22,9.18,Inner
18,12.18,8.7,Inner
18,12.13,8.22,Inner
18,12.08,7.73,Inner
18,12.02,7.25,Inner
18,11.96,6.77,Inner
18,11.9,6.28,Inner
18,11.82,5.8,Inner
18,11.72,5.32,Inner
18,11.58,4.83,Inner
18,11.41,4.35,Inner
18,11.19,3.87,Inner
18,10.91,3.38,Inner
18,10.54,2.9,Inner
18,10.04,2.42,Inner
18,9.27,1.93,Inner
18,7.82,1.45,Inner
18,4.46,0.97,Inner
18,0,0.8,Inner
18,13.31,17.4,Outer
18,13.28,16.92,Outer
18,13.25,16.43,Outer
18,13.23,15.95,Outer
18,13.2,15.47,Outer
18,13.17,14.98,Outer
18,13.13,14.5,Outer
18,13.1,14.02,Outer
18,13.07,13.53,Outer
18,13.04,13.05,Outer
18,13,12.57,Outer
18,12.97,12.08,Outer
18,12.93,11.6,Outer
18,12.89,11.12,Outer
18,12.85,10.63,Outer
18,12.81,10.15,Outer
18,12.77,9.67,Outer
18,12.73,9.18,Outer
18,12.68,8.7,Outer
18,12.63,8.22,Outer
18,12.58,7.73,Outer
18,12.52,7.25,Outer
18,12.47,6.77,Outer
18,12.4,6.28,Outer
18,12.33,5.8,Outer
18,12.23,5.32,Outer
18,12.11,4.83,Outer
18,11.95,4.35,Outer
18,11.75,3.87,Outer
18,11.5,3.38,Outer
18,11.19,2.9,Outer
18,10.78,2.42,Outer
18,10.23,1.93,Outer
18,9.42,1.45,Outer
18,7.95,0.97,Outer
18,4.68,0.48,Outer
18,0,0.3,Outer
24,12.46,17.4,Inner
24,12.43,16.92,Inner
24,12.4,16.43,Inner
24,12.37,15.95,Inner
24,12.34,15.47,Inner
24,12.3,14.98,Inner
24,12.27,14.5,Inner
24,12.24,14.02,Inner
24,12.2,13.53,Inner
24,12.17,13.05,Inner
24,12.13,12.57,Inner
24,12.09,12.08,Inner
24,12.05,11.6,Inner
24,12.01,11.12,Inner
24,11.97,10.63,Inner
24,11.93,10.15,Inner
24,11.88,9.67,Inner
24,11.83,9.18,Inner
24,11.78,8.7,Inner
24,11.73,8.22,Inner
24,11.67,7.73,Inner
24,11.61,7.25,Inner
24,11.54,6.77,Inner
24,11.46,6.28,Inner
24,11.36,5.8,Inner
24,11.23,5.32,Inner
24,11.06,4.83,Inner
24,10.85,4.35,Inner
24,10.58,3.87,Inner
24,10.23,3.38,Inner
24,9.76,2.9,Inner
24,9.11,2.42,Inner
24,8.03,1.93,Inner
24,5.99,1.45,Inner
24,0,0.99,Inner
24,12.96,17.4,Outer
24,12.93,16.92,Outer
24,12.9,16.43,Outer
24,12.87,15.95,Outer
24,12.84,15.47,Outer
24,12.81,14.98,Outer
24,12.77,14.5,Outer
24,12.74,14.02,Outer
24,12.71,13.53,Outer
24,12.67,13.05,Outer
24,12.63,12.57,Outer
24,12.6,12.08,Outer
24,12.56,11.6,Outer
24,12.52,11.12,Outer
24,12.47,10.63,Outer
24,12.43,10.15,Outer
24,12.38,9.67,Outer
24,12.33,9.18,Outer
24,12.28,8.7,Outer
24,12.23,8.22,Outer
24,12.17,7.73,Outer
24,12.11,7.25,Outer
24,12.05,6.77,Outer
24,11.97,6.28,Outer
24,11.88,5.8,Outer
24,11.75,5.32,Outer
24,11.6,4.83,Outer
24,11.4,4.35,Outer
24,11.16,3.87,Outer
24,10.86,3.38,Outer
24,10.47,2.9,Outer
24,9.97,2.42,Outer
24,9.28,1.93,Outer
24,8.16,1.45,Outer
24,6.14,0.97,Outer
24,0,0.49,Outer
30,12.02,17.4,Inner
30,11.98,16.92,Inner
30,11.95,16.43,Inner
30,11.92,15.95,Inner
30,11.88,15.47,Inner
30,11.85,14.98,Inner
30,11.81,14.5,Inner
30,11.78,14.02,Inner
30,11.74,13.53,Inner
30,11.7,13.05,Inner
30,11.66,12.57,Inner
30,11.62,12.08,Inner
30,11.57,11.6,Inner
30,11.53,11.12,Inner
30,11.48,10.63,Inner
30,11.43,10.15,Inner
30,11.38,9.67,Inner
30,11.33,9.18,Inner
30,11.27,8.7,Inner
30,11.21,8.22,Inner
30,11.15,7.73,Inner
30,11.08,7.25,Inner
30,11,6.77,Inner
30,10.9,6.28,Inner
30,10.77,5.8,Inner
30,10.6,5.32,Inner
30,10.38,4.83,Inner
30,10.12,4.35,Inner
30,9.77,3.87,Inner
30,9.33,3.38,Inner
30,8.71,2.9,Inner
30,7.77,2.42,Inner
30,6.18,1.93,Inner
30,3.21,1.45,Inner
30,0,1.2,Inner
30,12.52,17.4,Outer
30,12.49,16.92,Outer
30,12.45,16.43,Outer
30,12.42,15.95,Outer
30,12.39,15.47,Outer
30,12.35,14.98,Outer
30,12.32,14.5,Outer
30,12.28,14.02,Outer
30,12.24,13.53,Outer
30,12.2,13.05,Outer
30,12.16,12.57,Outer
30,12.12,12.08,Outer
30,12.08,11.6,Outer
30,12.03,11.12,Outer
30,11.99,10.63,Outer
30,11.94,10.15,Outer
30,11.89,9.67,Outer
30,11.84,9.18,Outer
30,11.78,8.7,Outer
30,11.72,8.22,Outer
30,11.66,7.73,Outer
30,11.59,7.25,Outer
30,11.51,6.77,Outer
30,11.41,6.28,Outer
30,11.29,5.8,Outer
30,11.13,5.32,Outer
30,10.94,4.83,Outer
30,10.7,4.35,Outer
30,10.4,3.87,Outer
30,10.02,3.38,Outer
30,9.54,2.9,Outer
30,8.89,2.42,Outer
30,7.92,1.93,Outer
30,6.31,1.45,Outer
30,3.39,0.97,Outer
30,0,0.7,Outer
36,11.5,17.4,Inner
36,11.47,16.92,Inner
36,11.43,16.43,Inner
36,11.39,15.95,Inner
36,11.36,15.47,Inner
36,11.32,14.98,Inner
36,11.28,14.5,Inner
36,11.24,14.02,Inner
36,11.19,13.53,Inner
36,11.15,13.05,Inner
36,11.11,12.57,Inner
36,11.06,12.08,Inner
36,11.01,11.6,Inner
36,10.96,11.12,Inner
36,10.91,10.63,Inner
36,10.86,10.15,Inner
36,10.8,9.67,Inner
36,10.74,9.18,Inner
36,10.68,8.7,Inner
36,10.61,8.22,Inner
36,10.54,7.73,Inner
36,10.46,7.25,Inner
36,10.35,6.77,Inner
36,10.22,6.28,Inner
36,10.05,5.8,Inner
36,9.83,5.32,Inner
36,9.56,4.83,Inner
36,9.22,4.35,Inner
36,8.77,3.87,Inner
36,8.17,3.38,Inner
36,7.28,2.9,Inner
36,5.9,2.42,Inner
36,3.75,1.93,Inner
36,0.07,1.45,Inner
36,0,1.44,Inner
36,12.01,17.4,Outer
36,11.97,16.92,Outer
36,11.94,16.43,Outer
36,11.9,15.95,Outer
36,11.86,15.47,Outer
36,11.82,14.98,Outer
36,11.78,14.5,Outer
36,11.74,14.02,Outer
36,11.7,13.53,Outer
36,11.65,13.05,Outer
36,11.61,12.57,Outer
36,11.56,12.08,Outer
36,11.52,11.6,Outer
36,11.47,11.12,Outer
36,11.42,10.63,Outer
36,11.36,10.15,Outer
36,11.31,9.67,Outer
36,11.25,9.18,Outer
36,11.18,8.7,Outer
36,11.12,8.22,Outer
36,11.05,7.73,Outer
36,10.97,7.25,Outer
36,10.87,6.77,Outer
36,10.74,6.28,Outer
36,10.58,5.8,Outer
36,10.39,5.32,Outer
36,10.14,4.83,Outer
36,9.84,4.35,Outer
36,9.47,3.87,Outer
36,8.99,3.38,Outer
36,8.35,2.9,Outer
36,7.43,2.42,Outer
36,6.03,1.93,Outer
36,3.89,1.45,Outer
36,0.27,0.97,Outer
36,0,0.94,Outer
42,10.93,17.4,Inner
42,10.89,16.92,Inner
42,10.85,16.43,Inner
42,10.8,15.95,Inner
42,10.76,15.47,Inner
42,10.72,14.98,Inner
42,10.67,14.5,Inner
42,10.63,14.02,Inner
42,10.58,13.53,Inner
42,10.53,13.05,Inner
42,10.48,12.57,Inner
42,10.43,12.08,Inner
42,10.38,11.6,Inner
42,10.32,11.12,Inner
42,10.27,10.63,Inner
42,10.21,10.15,Inner
42,10.14,9.67,Inner
42,10.08,9.18,Inner
42,10.01,8.7,Inner
42,9.93,8.22,Inner
42,9.85,7.73,Inner
42,9.74,7.25,Inner
42,9.6,6.77,Inner
42,9.42,6.28,Inner
42,9.2,5.8,Inner
42,8.93,5.32,Inner
42,8.58,4.83,Inner
42,8.13,4.35,Inner
42,7.53,3.87,Inner
42,6.67,3.38,Inner
42,5.43,2.9,Inner
42,3.73,2.42,Inner
42,1.37,1.93,Inner
42,0,1.71,Inner
42,11.43,17.4,Outer
42,11.39,16.92,Outer
42,11.35,16.43,Outer
42,11.31,15.95,Outer
42,11.27,15.47,Outer
42,11.22,14.98,Outer
42,11.18,14.5,Outer
42,11.13,14.02,Outer
42,11.08,13.53,Outer
42,11.04,13.05,Outer
42,10.99,12.57,Outer
42,10.94,12.08,Outer
42,10.88,11.6,Outer
42,10.83,11.12,Outer
42,10.77,10.63,Outer
42,10.71,10.15,Outer
42,10.65,9.67,Outer
42,10.58,9.18,Outer
42,10.52,8.7,Outer
42,10.44,8.22,Outer
42,10.36,7.73,Outer
42,10.26,7.25,Outer
42,10.13,6.77,Outer
42,9.97,6.28,Outer
42,9.76,5.8,Outer
42,9.52,5.32,Outer
42,9.21,4.83,Outer
42,8.83,4.35,Outer
42,8.35,3.87,Outer
42,7.72,3.38,Outer
42,6.82,2.9,Outer
42,5.57,2.42,Outer
42,3.86,1.93,Outer
42,1.51,1.45,Outer
42,0,1.21,Outer
48,10.28,17.4,Inner
48,10.23,16.92,Inner
48,10.18,16.43,Inner
48,10.14,15.95,Inner
48,10.09,15.47,Inner
48,10.04,14.98,Inner
48,9.99,14.5,Inner
48,9.94,14.02,Inner
48,9.89,13.53,Inner
48,9.84,13.05,Inner
48,9.78,12.57,Inner
48,9.72,12.08,Inner
48,9.67,11.6,Inner
48,9.61,11.12,Inner
48,9.54,10.63,Inner
48,9.48,10.15,Inner
48,9.41,9.67,Inner
48,9.33,9.18,Inner
48,9.25,8.7,Inner
48,9.16,8.22,Inner
48,9.05,7.73,Inner
48,8.91,7.25,Inner
48,8.72,6.77,Inner
48,8.5,6.28,Inner
48,8.21,5.8,Inner
48,7.86,5.32,Inner
48,7.4,4.83,Inner
48,6.81,4.35,Inner
48,5.98,3.87,Inner
48,4.88,3.38,Inner
48,3.47,2.9,Inner
48,1.72,2.42,Inner
48,0,2.02,Inner
48,10.78,17.4,Outer
48,10.74,16.92,Outer
48,10.69,16.43,Outer
48,10.64,15.95,Outer
48,10.6,15.47,Outer
48,10.55,14.98,Outer
48,10.5,14.5,Outer
48,10.45,14.02,Outer
48,10.4,13.53,Outer
48,10.34,13.05,Outer
48,10.29,12.57,Outer
48,10.23,12.08,Outer
48,10.17,11.6,Outer
48,10.11,11.12,Outer
48,10.05,10.63,Outer
48,9.98,10.15,Outer
48,9.92,9.67,Outer
48,9.84,9.18,Outer
48,9.76,8.7,Outer
48,9.68,8.22,Outer
48,9.57,7.73,Outer
48,9.44,7.25,Outer
48,9.27,6.77,Outer
48,9.06,6.28,Outer
48,8.81,5.8,Outer
48,8.49,5.32,Outer
48,8.11,4.83,Outer
48,7.62,4.35,Outer
48,6.99,3.87,Outer
48,6.14,3.38,Outer
48,5.02,2.9,Outer
48,3.61,2.42,Outer
48,1.85,1.93,Outer
48,0,1.51,Outer
54,9.53,17.4,Inner
54,9.52,17.4,Inner
54,9.47,16.92,Inner
54,9.42,16.43,Inner
54,9.37,15.95,Inner
54,9.32,15.47,Inner
54,9.27,14.98,Inner
54,9.21,14.5,Inner
54,9.16,14.02,Inner
54,9.1,13.53,Inner
54,9.04,13.05,Inner
54,8.98,12.57,Inner
54,8.92,12.08,Inner
54,8.86,11.6,Inner
54,8.79,11.12,Inner
54,8.72,10.63,Inner
54,8.64,10.15,Inner
54,8.57,9.67,Inner
54,8.48,9.18,Inner
54,8.39,8.7,Inner
54,8.26,8.22,Inner
54,8.11,7.73,Inner
54,7.92,7.25,Inner
54,7.69,6.77,Inner
54,7.39,6.28,Inner
54,7.03,5.8,Inner
54,6.58,5.32,Inner
54,5.99,4.83,Inner
54,5.21,4.35,Inner
54,4.23,3.87,Inner
54,3.06,3.38,Inner
54,1.68,2.9,Inner
54,0.11,2.42,Inner
54,0,2.38,Inner
54,10.03,17.4,Outer
54,9.98,16.92,Outer
54,9.93,16.43,Outer
54,9.88,15.95,Outer
54,9.83,15.47,Outer
54,9.78,14.98,Outer
54,9.72,14.5,Outer
54,9.67,14.02,Outer
54,9.61,13.53,Outer
54,9.55,13.05,Outer
54,9.49,12.57,Outer
54,9.43,12.08,Outer
54,9.37,11.6,Outer
54,9.3,11.12,Outer
54,9.23,10.63,Outer
54,9.16,10.15,Outer
54,9.08,9.67,Outer
54,8.99,9.18,Outer
54,8.9,8.7,Outer
54,8.79,8.22,Outer
54,8.65,7.73,Outer
54,8.47,7.25,Outer
54,8.26,6.77,Outer
54,7.99,6.28,Outer
54,7.68,5.8,Outer
54,7.28,5.32,Outer
54,6.8,4.83,Outer
54,6.18,4.35,Outer
54,5.37,3.87,Outer
54,4.38,3.38,Outer
54,3.2,2.9,Outer
54,1.82,2.42,Outer
54,0.24,1.93,Outer
54,0,1.86,Outer
60,8.66,17.4,Inner
60,8.61,16.92,Inner
60,8.56,16.43,Inner
60,8.5,15.95,Inner
60,8.44,15.47,Inner
60,8.39,14.98,Inner
60,8.33,14.5,Inner
60,8.27,14.02,Inner
60,8.21,13.53,Inner
60,8.14,13.05,Inner
60,8.08,12.57,Inner
60,8.01,12.08,Inner
60,7.93,11.6,Inner
60,7.86,11.12,Inner
60,7.78,10.63,Inner
60,7.7,10.15,Inner
60,7.6,9.67,Inner
60,7.5,9.18,Inner
60,7.37,8.7,Inner
60,7.21,8.22,Inner
60,7.01,7.73,Inner
60,6.76,7.25,Inner
60,6.47,6.77,Inner
60,6.1,6.28,Inner
60,5.65,5.8,Inner
60,5.07,5.32,Inner
60,4.35,4.83,Inner
60,3.5,4.35,Inner
60,2.53,3.87,Inner
60,1.44,3.38,Inner
60,0.24,2.9,Inner
60,0,2.81,Inner
60,9.17,17.4,Outer
60,9.12,16.92,Outer
60,9.06,16.43,Outer
60,9.01,15.95,Outer
60,8.95,15.47,Outer
60,8.9,14.98,Outer
60,8.84,14.5,Outer
60,8.78,14.02,Outer
60,8.72,13.53,Outer
60,8.65,13.05,Outer
60,8.59,12.57,Outer
60,8.52,12.08,Outer
60,8.45,11.6,Outer
60,8.37,11.12,Outer
60,8.29,10.63,Outer
60,8.21,10.15,Outer
60,8.12,9.67,Outer
60,8.02,9.18,Outer
60,7.9,8.7,Outer
60,7.75,8.22,Outer
60,7.56,7.73,Outer
60,7.34,7.25,Outer
60,7.07,6.77,Outer
60,6.75,6.28,Outer
60,6.35,5.8,Outer
60,5.87,5.32,Outer
60,5.27,4.83,Outer
60,4.53,4.35,Outer
60,3.67,3.87,Outer
60,2.68,3.38,Outer
60,1.59,2.9,Outer
60,0.38,2.42,Outer
60,0,2.27,Outer
66,7.77,17.4,Inner
66,7.71,16.92,Inner
66,7.65,16.43,Inner
66,7.59,15.95,Inner
66,7.53,15.47,Inner
66,7.47,14.98,Inner
66,7.4,14.5,Inner
66,7.33,14.02,Inner
66,7.27,13.53,Inner
66,7.19,13.05,Inner
66,7.12,12.57,Inner
66,7.04,12.08,Inner
66,6.96,11.6,Inner
66,6.88,11.12,Inner
66,6.79,10.63,Inner
66,6.69,10.15,Inner
66,6.58,9.67,Inner
66,6.44,9.18,Inner
66,6.27,8.7,Inner
66,6.06,8.22,Inner
66,5.81,7.73,Inner
66,5.51,7.25,Inner
66,5.15,6.77,Inner
66,4.71,6.28,Inner
66,4.17,5.8,Inner
66,3.54,5.32,Inner
66,2.82,4.83,Inner
66,2.03,4.35,Inner
66,1.17,3.87,Inner
66,0.25,3.38,Inner
66,0,3.26,Inner
66,8.28,17.4,Outer
66,8.22,16.92,Outer
66,8.16,16.43,Outer
66,8.1,15.95,Outer
66,8.04,15.47,Outer
66,7.98,14.98,Outer
66,7.91,14.5,Outer
66,7.85,14.02,Outer
66,7.78,13.53,Outer
66,7.71,13.05,Outer
66,7.63,12.57,Outer
66,7.56,12.08,Outer
66,7.48,11.6,Outer
66,7.39,11.12,Outer
66,7.3,10.63,Outer
66,7.21,10.15,Outer
66,7.1,9.67,Outer
66,6.97,9.18,Outer
66,6.81,8.7,Outer
66,6.62,8.22,Outer
66,6.39,7.73,Outer
66,6.11,7.25,Outer
66,5.79,6.77,Outer
66,5.41,6.28,Outer
66,4.94,5.8,Outer
66,4.38,5.32,Outer
66,3.73,4.83,Outer
66,3,4.35,Outer
66,2.2,3.87,Outer
66,1.33,3.38,Outer
66,0.41,2.9,Outer
66,0,2.7,Outer
72,6.83,17.4,Inner
72,6.76,16.92,Inner
72,6.69,16.43,Inner
72,6.62,15.95,Inner
72,6.55,15.47,Inner
72,6.47,14.98,Inner
72,6.4,14.5,Inner
72,6.32,14.02,Inner
72,6.24,13.53,Inner
72,6.16,13.05,Inner
72,6.07,12.57,Inner
72,5.98,12.08,Inner
72,5.89,11.6,Inner
72,5.8,11.12,Inner
72,5.7,10.63,Inner
72,5.57,10.15,Inner
72,5.43,9.67,Inner
72,5.25,9.18,Inner
72,5.04,8.7,Inner
72,4.8,8.22,Inner
72,4.51,7.73,Inner
72,4.16,7.25,Inner
72,3.76,6.77,Inner
72,3.28,6.28,Inner
72,2.73,5.8,Inner
72,2.14,5.32,Inner
72,1.51,4.83,Inner
72,0.83,4.35,Inner
72,0.12,3.87,Inner
72,0,3.79,Inner
72,7.35,17.4,Outer
72,7.28,16.92,Outer
72,7.2,16.43,Outer
72,7.13,15.95,Outer
72,7.06,15.47,Outer
72,6.98,14.98,Outer
72,6.91,14.5,Outer
72,6.83,14.02,Outer
72,6.75,13.53,Outer
72,6.67,13.05,Outer
72,6.59,12.57,Outer
72,6.5,12.08,Outer
72,6.41,11.6,Outer
72,6.32,11.12,Outer
72,6.22,10.63,Outer
72,6.1,10.15,Outer
72,5.96,9.67,Outer
72,5.8,9.18,Outer
72,5.6,8.7,Outer
72,5.37,8.22,Outer
72,5.11,7.73,Outer
72,4.79,7.25,Outer
72,4.43,6.77,Outer
72,4,6.28,Outer
72,3.5,5.8,Outer
72,2.95,5.32,Outer
72,2.34,4.83,Outer
72,1.7,4.35,Outer
72,1.01,3.87,Outer
72,0.29,3.38,Outer
72,0,3.19,Outer
78,5.86,17.4,Inner
78,5.77,16.92,Inner
78,5.69,16.43,Inner
78,5.61,15.95,Inner
78,5.52,15.47,Inner
78,5.43,14.98,Inner
78,5.35,14.5,Inner
78,5.26,14.02,Inner
78,5.16,13.53,Inner
78,5.07,13.05,Inner
78,4.98,12.57,Inner
78,4.88,12.08,Inner
78,4.78,11.6,Inner
78,4.66,11.12,Inner
78,4.53,10.63,Inner
78,4.38,10.15,Inner
78,4.2,9.67,Inner
78,4,9.18,Inner
78,3.76,8.7,Inner
78,3.5,8.22,Inner
78,3.19,7.73,Inner
78,2.83,7.25,Inner
78,2.42,6.77,Inner
78,1.97,6.28,Inner
78,1.49,5.8,Inner
78,0.98,5.32,Inner
78,0.45,4.83,Inner
78,0,4.44,Inner
78,6.37,17.4,Outer
78,6.29,16.92,Outer
78,6.2,16.43,Outer
78,6.12,15.95,Outer
78,6.04,15.47,Outer
78,5.95,14.98,Outer
78,5.86,14.5,Outer
78,5.77,14.02,Outer
78,5.68,13.53,Outer
78,5.59,13.05,Outer
78,5.49,12.57,Outer
78,5.4,12.08,Outer
78,5.3,11.6,Outer
78,5.19,11.12,Outer
78,5.06,10.63,Outer
78,4.92,10.15,Outer
78,4.75,9.67,Outer
78,4.55,9.18,Outer
78,4.33,8.7,Outer
78,4.08,8.22,Outer
78,3.8,7.73,Outer
78,3.46,7.25,Outer
78,3.09,6.77,Outer
78,2.66,6.28,Outer
78,2.21,5.8,Outer
78,1.72,5.32,Outer
78,1.2,4.83,Outer
78,0.66,4.35,Outer
78,0.09,3.87,Outer
78,0,3.79,Outer
84,4.87,17.4,Inner
84,4.77,16.92,Inner
84,4.68,16.43,Inner
84,4.58,15.95,Inner
84,4.47,15.47,Inner
84,4.37,14.98,Inner
84,4.27,14.5,Inner
84,4.17,14.02,Inner
84,4.06,13.53,Inner
84,3.96,13.05,Inner
84,3.85,12.57,Inner
84,3.74,12.08,Inner
84,3.62,11.6,Inner
84,3.49,11.12,Inner
84,3.33,10.63,Inner
84,3.16,10.15,Inner
84,2.98,9.67,Inner
84,2.77,9.18,Inner
84,2.54,8.7,Inner
84,2.27,8.22,Inner
84,1.97,7.73,Inner
84,1.65,7.25,Inner
84,1.3,6.77,Inner
84,0.93,6.28,Inner
84,0.53,5.8,Inner
84,0.13,5.32,Inner
84,0,5.16,Inner
84,5.39,17.4,Outer
84,5.29,16.92,Outer
84,5.19,16.43,Outer
84,5.09,15.95,Outer
84,4.99,15.47,Outer
84,4.89,14.98,Outer
84,4.79,14.5,Outer
84,4.69,14.02,Outer
84,4.58,13.53,Outer
84,4.48,13.05,Outer
84,4.37,12.57,Outer
84,4.27,12.08,Outer
84,4.15,11.6,Outer
84,4.02,11.12,Outer
84,3.87,10.63,Outer
84,3.71,10.15,Outer
84,3.52,9.67,Outer
84,3.32,9.18,Outer
84,3.1,8.7,Outer
84,2.85,8.22,Outer
84,2.57,7.73,Outer
84,2.26,7.25,Outer
84,1.92,6.77,Outer
84,1.56,6.28,Outer
84,1.18,5.8,Outer
84,0.79,5.32,Outer
84,0.37,4.83,Outer
84,0,4.41,Outer
90,0,17.4,Inner
90,3.77,16.92,Inner
90,4.41,17.4,Outer
90,4.29,16.92,Outer
90,4.17,16.43,Outer
90,4.05,15.95,Outer
90,3.93,15.47,Outer
90,3.82,14.98,Outer
90,3.7,14.5,Outer
90,3.59,14.02,Outer
90,3.47,13.53,Outer
90,3.36,13.05,Outer
90,3.25,12.57,Outer
90,3.13,12.08,Outer
90,3,11.6,Outer
90,2.86,11.12,Outer
90,2.71,10.63,Outer
90,2.55,10.15,Outer
90,2.38,9.67,Outer
90,2.2,9.18,Outer
90,2,8.7,Outer
90,1.78,8.22,Outer
90,1.54,7.73,Outer
90,1.28,7.25,Outer
90,1.02,6.77,Outer
90,0.74,6.28,Outer
90,0.46,5.8,Outer
90,0.16,5.32,Outer
90,0,5.06,Outer
96,0,17.4,Inner
96,3.43,17.4,Outer
96,3.29,16.92,Outer
96,3.15,16.43,Outer
96,3.01,15.95,Outer
96,2.88,15.47,Outer
96,2.75,14.98,Outer
96,2.63,14.5,Outer
96,2.51,14.02,Outer
96,2.4,13.53,Outer
96,2.29,13.05,Outer
96,2.17,12.57,Outer
96,2.05,12.08,Outer
96,1.93,11.6,Outer
96,1.8,11.12,Outer
96,1.67,10.63,Outer
96,1.54,10.15,Outer
96,1.4,9.67,Outer
96,1.25,9.18,Outer
96,1.09,8.7,Outer
96,0.92,8.22,Outer
96,0.75,7.73,Outer
96,0.57,7.25,Outer
96,0.39,6.77,Outer
96,0.2,6.28,Outer
96,0.02,5.8,Outer
96,0,5.76,Outer
102,0,17.4,Inner
102,2.46,17.4,Outer
102,2.3,16.92,Outer
102,2.15,16.43,Outer
102,2.01,15.95,Outer
102,1.88,15.47,Outer
102,1.76,14.98,Outer
102,1.65,14.5,Outer
102,1.55,14.02,Outer
102,1.44,13.53,Outer
102,1.34,13.05,Outer
102,1.24,12.57,Outer
102,1.13,12.08,Outer
102,1.03,11.6,Outer
102,0.93,11.12,Outer
102,0.83,10.63,Outer
102,0.73,10.15,Outer
102,0.62,9.67,Outer
102,0.52,9.18,Outer
102,0.41,8.7,Outer
102,0.31,8.22,Outer
102,0.21,7.73,Outer
102,0.12,7.25,Outer
102,0.03,6.77,Outer
102,0,6.62,Outer
108,0,17.4,Inner
108,1.5,17.4,Outer
108,1.34,16.92,Outer
108,1.2,16.43,Outer
108,1.09,15.95,Outer
108,0.99,15.47,Outer
108,0.9,14.98,Outer
108,0.81,14.5,Outer
108,0.73,14.02,Outer
108,0.65,13.53,Outer
108,0.58,13.05,Outer
108,0.5,12.57,Outer
108,0.43,12.08,Outer
108,0.36,11.6,Outer
108,0.3,11.12,Outer
108,0.24,10.63,Outer
108,0.18,10.15,Outer
108,0.14,9.67,Outer
108,0.1,9.18,Outer
108,0.06,8.7,Outer
108,0.03,8.22,Outer
108,0,7.74,Outer
114,0.04,17.4,Inner
114,0,0,Inner
114,0.57,17.4,Outer
114,0.45,16.92,Outer
114,0.38,16.43,Outer
114,0.33,15.95,Outer
114,0.29,15.47,Outer
114,0.26,14.98,Outer
114,0.24,14.5,Outer
114,0.21,14.02,Outer
114,0.18,13.53,Outer
114,0.16,13.05,Outer
114,0.14,12.57,Outer
114,0.12,12.08,Outer
114,0.1,11.6,Outer
114,0.07,11.12,Outer
114,0.05,10.63,Outer
114,0.03,10.15,Outer
114,0,9.67,Outer
114,0,9.65,Outer
